Negatives,Positives
abnormal,able
abolish,abundance
abominable,accelerate
abominably,accept
abominate,acclaim
abomination,accolade
abort,accomplish
aborted,accord
aborts,accredit
abrade,accrue
abrasive,ace
abrupt,achieve
abruptly,action
abscond,activate
absence,active
absent-minded,add
absentee,addition
absurd,adept
absurdity,admirable
absurdly,adorable
absurdness,advance
abuse,advantage
abused,adventure
abuses,affable
abusive,affirm
abysmal,ageless
abysmally,agree
abyss,agreeable
accidental,aid
accost,aim
accursed,alacrity
accusation,alert
accusations,alight
accuse,alive
accuses,all
accusing,altruistic
accusingly,always
acerbate,amaze
acerbic,amazement
acerbically,amazing
ache,ambition
ached,amiable
aches,amity
aching,amuse
acrid,anew
acridly,angel
acridness,appealing
acrimonious,applaud
acrimoniously,appreciate
acrimony,approve
adamant,arouse
adamantly,art
addict,as
addicted,ascend
addicting,aspire
addicts,assent
admonish,assert
admonisher,assist
admonishingly,associate
admonishment,assure
admonition,astir
adulterate,astonish
adulterated,attain
adulteration,attempt
adversarial,attention
adversary,attentive
adverse,attest
adversity,attraction
afflict,attribute
affliction,attune
afflictive,augment
affront,auspicious
afraid,authentic
aggravate,available
aggravating,avid
aggravation,awake
aggression,award
aggressive,aware
aggressiveness,awash
aggressor,awesome
aggrieve,aye
aggrieved,back
aghast,balance
agonies,balanced
agonize,beatific
agonizing,beatify
agonizingly,beatitude
agony,beau
aground,beauteous
ail,beautiful
ailing,beautify
ailment,beauty
aimless,become
alarm,befriend
alarmed,begin
alarming,beginning
alarmingly,being
alienate,belief
alienated,believe
alienation,beloved
allegation,benedictory
allegations,benefaction
allege,beneficial
allergic,benefit
allergies,benevolent
allergy,best
aloof,bestow
altercation,bet
ambiguity,better
ambiguous,betterment
ambivalence,beyond
ambivalent,big
ambush,big-hearted
amiss,bijou
amputate,bird
anarchism,blasting
anarchist,bless
anarchistic,blessed
anarchy,blessing
anemic,bliss
anger,blissful
angrily,bloom
angriness,blooming
angry,blossom
anguish,bold
animosity,bombastic
annihilate,bonafide
annihilation,bonanza
annoy,bond
annoyance,bonny
annoyances,bonus
annoyed,boom
annoying,boost
annoyingly,bountiful
annoys,bounty
anomalous,box
anomaly,brainy
antagonism,brand-new
antagonist,brave
antagonistic,bravery
antagonize,bravo!
anti,breakthrough
anti-occupation,breathtaking
anti-proliferation,bright
anti-social,brighten
anti-us,brill
anti-white,brilliant
antipathy,brisk
antiquated,briskly
antithetical,bubbly
anxieties,budding
anxiety,buddy
anxious,build
anxiously,bullish
anxiousness,cajole
apathetic,calm
apathetically,calming
apathy,calmly
apocalypse,calmness
apocalyptic,campaign
apologist,campaigner
apologists,can
appall,can-do
appalled,candescent
appalling,candid
appallingly,candidly
apprehension,candor
apprehensions,candy
apprehensiveapprehensively,cannily
arbitrary,canny
arcane,canteen
archaic,capability
arduous,capable
arduously,capably
argumentative,capacious
arrogance,capital
arrogant,captain
arrogantly,captivate
ashamed,captivating
asinine,care
asininely,cared
askance,career
asperse,carefree
aspersion,carefreeness
aspersions,careful
assail,carefully
assassin,carefulness
assassinate,caress
assault,caretaker
astray,caring
asunder,cash
atrocious,casual
atrocities,casually
atrocity,catalyst
atrophy,catch
attack,catching
attacks,catchy
audacious,cause
audaciously,celebrate
audaciousness,celebrated
audacity,celebration
austere,celebrator
authoritarian,celebratory
autocrat,celebrity
autocratic,celestial
avalanche,center
avarice,centered
avaricious,central
avariciously,ceo
avenge,certain
averse,certainly
aversionawful,certainty
awful,chairperson
awfulabnormal,champ
awfully,champion
awfulness,chance
awkward,change
awkwardness,changeable
axabysmaladversealarmingangryannoyanxiousapathyappallingatrocious,changeless
babble,chaperone
back-logged,charisma
back-wood,charismatic
back-woods,charitable
backache,charity
backaches,charm
backachesbackbite,charmed
backbite,charmer
backbiting,charming
backward,charmingly
backwardness,chaste
backwardnessbackwoods,cheap
backwards,cheeky
backwoods,cheer
bacteria,cheerful
bad,cheerfully
badly,cheerfulness
baffle,cheering
baffled,cheerio
bafflement,cheers
baffling,cheery
bait,chemistry
balk,cherish
banal,cherub
bane,chic
banish,chief
banishment,chieftain
bankrupt,child
barbarian,childish
barbaric,childlike
barbarically,child’s
barbarity,chipper
barbarous,chirp
barbarously,chirpy
barren,chivalrous
baseless,chivalry
bash,choice
bashed,choose
bashful,chortle
bashing,chosen
bastard,chuckle
bastards,chum
battered,chummy
battering,cinch
batty,civic
bawl,civil
bearish,civility
beastly,civilize
bedlam,civilized
bedlamite,clairvoyant
befoul,clarity
beg,classic
beggar,classical
beggarly,classy
begging,claus
beguile,clean
belabor,cleanliness
belated,cleanly
beleaguer,clear
belie,clear-cut
belittle,clear-headed
belittled,clearly
belittling,clebrant
bellicose,clemency
belligerence,clement
belligerent,clever
belligerently,cleverly
bemoan,cleverness
bemoaning,close
bemused,closely
bent,closeness
berate,coequal
bereave,cogent
bereavement,cognizance
bereft,cognizant
berserk,cohesive
beseech,collabolator
beset,collaboration
besiege,collaborative
besmirch,collaborator
bestial,collateral
betray,colleague
betrayal,collective
betrayals,collector
betrayer,combination
betraying,comely
betrays,comfort
bewail,comfortable
beware,comforter
bewilder,comfy
bewildered,comic
bewildering,comical
bewilderingly,commander
bewilderment,commanding
bewitch,commend
bias,commendable
biased,commendably
biases,commendatory
bicker,commitment
bickering,committed
bid-rigging,communion
bigotries,community
bigotry,compact
bird-brained,compacted
bitch,companion
bitchy,companionship
biting,company
bitingly,compassion
bitter,compassionate
bitterly,compelling
bitterness,complement
bizarre,complete
blab,completely
blabber,compliment
blackmail,compose
blah,comprehension
blame,comprehensive
blameworthy,concentrate
bland,concentrated
blandish,concentration
blaspheme,concert
blasphemous,conciliate
blasphemy,conciliation
blasted,conciliatory
blatant,concise
blatantly,conclusive
blather,conclusively
bleak,concordance
bleakly,concordant
bleakness,concrete
bleed,condole
bleeding,condolence
bleeds,conductor
blemish,confidant
blind,confide
blinding,confidence
blindingly,confident
blindside,confirm
blister,confirmation
blistering,congenial
blizzardy,congrats
bloated,congratulate
blockage,congratulations
blockhead,congruous
bloodshed,conjunction
bloodthirsty,connect
bloody,connected
blotchy,connectedness
blow,connection
blunder,connoisseur
blundering,conquer
blunders,conquest
blunt,conscious
blur,consciousness
blurred,consensual
blurring,consequential
blurry,consider
blurs,considerate
blurt,consist
boastful,consistency
boggle,consistent
bogus,consistently
boil,constant
boiling,constantly
boisterous,constructive
bomb,consul
bombard,consultant
bombardment,content
bombastic,contented
bondage,contentment
bonkers,contrast
boorish,contribute
bore,contribution
bored,contributor
boredom,control
bores,convenience
boring,convenient
bossy,conveniently
botch,conversant
bother,conversation
bothered,converse
bothering,convert
bothers,converted
bothersome,convey
bowdlerize,conviction
boycott,convince
braggart,convincing
bragger,convivial
brainless,conviviality
brainwash,cool
brash,cool-headed
brashly,cooperate
brashness,cooperation
brat,cooperative
bravado,copacetic
brazen,cope
brazenly,copious
brazenness,cordial
breach,cordially
break,cornerstone
break-up,corporation
break-ups,correct
breakdown,correctly
breaking,coruscant
breaks,cosmic
breakup,cost-effective
breakups,cosy
bribery,could
brimstone,counsel
bristle,counselor
brittle,courage
broke,courageous
broken,courageously
broken-hearted,courteous
brood,courtesy
browbeat,courtly
bruise,covenant
bruised,coy
bruises,coyness
bruising,cozy
brusque,crack
brutal,crackerjack
brutalities,craft
brutality,craftsman
brutalize,craftsmanship
brutalizing,cratfy
brutally,cream
brute,creamy
brutish,create
buckle,creation
bug,creative
bugging,creativity
buggy,creator
bugs,credence
bulimia,credential
bulkier,credibility
bulkiness,credible
bulky,credit
bull****,creditable
bullies,crew
bulls,crowd
bulls..t,crowd-pleaser
bullshit,crowd-puller
bully,crucial
bullying,crystal
bullyingly,crystal-clear
bull—-,crystalize
bum,cucumber
bump,cuddle
bumped,cuddlesome
bumping,cuddly
bumps,culminate
bumpy,culmination
bungle,cultural
bungler,culture
bungling,cultured
bunk,cunning
burden,cunningly
burdensome,cupid
burdensomely,curator
burn,cure
burned,cure-all
burning,curiosity
burns,curious
bust,current
busts,curvaceous
busybody,cushion
butcher,cushy
butchery,cute
buzzing,da
byzantine,dainty
cackle,dandle
cagey,dandy
calamities,danke
calamitous,danken
calamitously,dapper
calamity,daring
calculating,daringly
callous,darling
calumniate,dashing
calumniation,dauntless
calumnies,dazzle
calumnious,dazzled
calumniously,dazzling
calumny,dead
can't,dead-cheap
cancer,dead-on
cancerous,dear
cannibal,debonair
cannibalize,decency
capitulate,decent
capricious,decisive
capriciously,decisiveness
capriciousness,decorous
capsize,dedicated
careless,deductive
carelessness,deep
caricature,defeat
carnage,defeating
carp,defender
cartoonish,deference
cash-strapped,definite
castigate,definitive
castrated,deft
casualty,delectable
cataclysm,deliberate
cataclysmal,delicacy
cataclysmic,delicate
cataclysmically,delicious
catastrophe,deliciousness
catastrophes,delight
catastrophic,delighted
catastrophically,delightful
caustic,delightfully
caustically,delightfulness
cautionary,deluxe
cave,democratic
censure,demonstrative
chafe,demulcent
chaff,deo-gratias
chagrin,deo-volente
challenging,dependability
chaos,dependable
chaotic,dependably
chasten,deservedly
chastise,deserving
chastisement,desirable
chatter,desire
chatterbox,desired
cheap,desiring
cheapen,desirous
cheaply,destined
cheat,destiny
cheated,determination
cheater,determined
cheating,developed
cheats,developing
checkered,devoted
cheerless,devotion
cheesy,devotional
chide,devout
childish,dexterity
chill,dexterous
chilly,dexterously
chintzy,dialectic
choke,diamond
choleric,didactic
choppy,diddums
chore,die-hard
chronic,different
chubby,dignified
chunky,dignify
clamor,dignity
clamorous,diligence
clash,diligent
clique,diligently
clog,dinger
clogged,dinkum
clogs,dip
cloud,diplomatic
clouding,direct
cloudy,dirt-cheap
clueless,disarming
clumsy,disburden
clunky,discerning
coarse,discipline
cocky,disciplined
coerce,discovery
coercion,discreet
coercive,discretion
cold,discriminating
cold-hearted,dispassionate
coldly,distinct
collapse,distinction
collude,distinctive
collusion,distinguished
combative,diverse
combust,diversified
comical,diversity
commiserate,diverting
commonplace,divine
commotion,divinely
commotions,divinity
complacent,divinize
complain,doable
complained,doddle
complaining,doll
complains,dolly
complaint,dominant
complaints,dominate
complex,donate
complicated,donation
complication,doozy
complicit,dope
compulsion,doss
compulsive,dote
concede,doting
conceded,dotingly
conceit,doubtless
conceited,doughty
concern,dovelike
concerned,down-to-earth
concerns,downy
concession,dream
concessions,dreamland
condemn,dreamy
condemnable,dressing
condemnation,dressy
condemned,drive
condemns,driven
condescend,driving
condescending,drop
condescendingly,ducky
condescension,dude
confess,due
confession,dulcet
confessions,dumbfounded
confined,dumbfounding
conflict,dummy-proof
conflicted,durable
conflicting,duteous
conflicts,dutiful
confound,duty
confounded,dynamic
confounding,dynamite
confront,eager
confrontation,eagerly
confrontational,eagerness
confuse,ear
confused,early
confuses,earn
confusing,earnest
confusion,earnestly
confusions,earnestness
congested,ease
congestion,eased
cons,easily
conservative,easy
conspicuous,easy-going
conspicuously,easy-peasy
conspiracies,easy-street
conspiracy,easy-to-reach
conspirator,easy-to-understand
conspiratorial,easy-to-use
conspire,ebullience
consternation,ebullient
contagious,ebulliently
contaminate,echt
contaminated,eclectic
contaminates,eco-friendly
contaminating,eco-warrior
contamination,economic
contempt,economical
contemptible,economically
contemptuous,economize
contemptuously,ecstasy
contend,ecstatic
contention,ecstatically
contentious,eden
contort,edgy
contortions,edified
contradict,edify
contradiction,edifying
contradictory,educate
contrariness,educated
contrary,education
contravene,educational
contrive,educe
contrived,effective
controversial,effectively
controversy,effectual
convoluted,effendi
corrode,effervescent
corrosion,efficacious
corrosions,efficiency
corrosive,efficient
corrupt,efficiently
corrupted,effort
corrupting,effortless
corruption,effortlessly
corrupts,effulgent
costlier,effusion
costly,effusive
counter-productive,effusively
counterproductive,effusiveness
covetous,egalitarian
coward,egregious
cowardly,einstein
crabby,eirenic
crack,elaborate
cracked,elan
cracks,elate
craftily,elated
craftilycrafty,elatedly
crafty,elating
cramp,elation
cramped,electric
cramping,electrify
cranky,electrifying
crap,eleemosynary
crappy,elegance
craps,elegant
crash,elegantly
crashed,elevate
crashes,eligible
crashing,elite
crass,elixir
craven,elocution
cravenly,elohim
craze,elope
crazily,eloquence
craziness,eloquent
crazy,eloquently
creak,elucidate
creaking,emancipate
creaks,emancipation
credulous,emancipatory
creep,embellish
creeping,emblazon
creeps,embolden
creepy,embourgeoisement
crept,emerging
crime,emeritus
criminal,eminence
cringe,eminent
cringed,emissions
cringes,emollient
cripple,emotion
crippled,empathetic
cripples,empathic
crippling,empathize
crisis,empathy
critic,emphasis
critical,emphasize
criticism,emphatic
criticisms,employable
criticize,empower
criticized,empowered
criticizing,empowering
critics,empowerment
cronyism,empyreal
crook,enable
crooked,enamour
crooks,enamoured
crowded,enamouring
crowdedness,enchant
crude,enchanted
cruel,enchanting
crueler,enchantingly
cruelest,encomiast
cruelly,encore
cruelness,encourage
cruelties,encouragement
cruelty,encouraging
crumble,encouragingly
crumbling,endear
crummy,endeared
crumple,endearing
crumpled,endearment
crumples,endeavour
crush,endeavourer
crushed,endless
crushing,endorse
cry,endorsed
culpable,endorsement
culprit,endow
cumbersome,endowed
cunt,endure
cunts,enduring
curse,energetic
cursed,energize
curses,energizing
curt,energy
cuss,energy-efficient
cussed,energy-saving
cutthroat,enfete
cutting,engage
cynical,engaged
cynicism,engaging
daft,engross
daimon,engrossing
damage,enhance
damaged,enhanced
damages,enhancement
damaging,enjoy
damn,enjoyable
damnable,enjoyably
damnably,enjoyed
damnation,enjoyer
damned,enjoyment
damning,enlighten
damper,enlightened
danger,enlightening
dangerous,enlightenment
dangerousness,enlist
dank,enliven
dantean,enlivened
daredevil,enlivening
dark,ennoble
darken,ennobled
darkened,enormous
darker,enough
darkness,enrapt
darn,enrapture
dastard,enraptured
dastardly,enrapturing
daunt,enrich
daunting,enricher
dauntingly,enriching
dawdle,enrichment
daze,enshrine
dazed,ensorcell
dead,ensure
deadbeat,enterprise
deadlock,enterprising
deadly,entertain
deadweight,entertaining
deaf,entertainment
dearth,enthral
death,enthralled
debacle,enthralling
debase,enthrone
debasement,enthuse
debaser,enthusiasm
debatable,enthusiast
debauch,enthusiastic
debaucher,enthusiastically
debauchery,entice
debilitate,enticed
debilitating,enticing
debility,entire
debt,entrance
debts,entrancing
decadence,entrust
decadent,entrusted
decay,enunciate
decayed,enviable
decaying,enviably
deceit,epic
deceitful,epigrammatic
deceitfully,epiphany
deceitfulness,epitome
deceive,epitomize
deceiver,equable
deceivers,equal
deceiving,equality
deception,equalized
deceptive,equally
deceptively,equilibrium
declaim,equiponderant
decline,equipped
declines,equitable
declining,equity
decrement,equivalent
decrepit,ergonomic
decrepitude,erogenous
decry,erudite
defamation,escapade
defamations,especial
defamatory,espirit
defame,essence
defect,essential
defective,establish
defects,established
defensive,esteem
defiance,esteemed
defiant,eternal
defiantly,ethereal
deficiencies,ethic
deficiency,ethical
deficient,eulogize
defile,euphony
defiler,euphoria
deform,euphoriant
deformed,euphoric
defrauding,euphorically
defunct,eureka
defy,evangelist
degenerate,even
degenerately,even-handed
degeneration,eventful
degradation,evergreen
degrade,everlasting
degrading,evermore
degradingly,evident
dehumanization,evocative
dehumanize,evolution
deign,evolve
deject,evolving
dejected,exact
dejectedly,exalt
dejection,exaltation
delay,exalted
delayed,exceed
delaying,exceeding
delays,exceedingly
delinquency,excel
delinquent,excellence
delirious,excellent
delirium,excellently
delude,exceptional
deluded,exceptionally
deluge,excite
delusion,excited
delusional,excitedly
delusions,excitement
demanding,exciting
demean,excitingly
demeaning,exclusive
demented,executive
demential,exemplar
demise,exemplary
demolish,exhaustive
demolisher,exhilarate
demon,exhilarating
demoniac,exhilaratingly
demonic,exhilaration
demonize,exonerate
demonized,exotic
demonizes,expansive
demonizing,expectant
demonologist,expedite
demoralize,expeditious
demoralizing,expeditiously
demoralizingly,experienced
denial,expert
denied,expertise
denies,expertly
denigrate,expression
denounce,expressive
dense,exquisite
dent,exquisitely
dented,extensive
dents,extol
denunciate,extraordinaire
denunciation,extraordinary
denunciations,exuberance
deny,exuberant
denying,exuberantly
deplete,exude
deplorable,exult
deplorably,exultant
deplore,exultation
deploring,exultingly
deploringly,eye-catching
deprave,eyeful
depraved,fab
depravedly,fabulous
deprecate,fabulously
depress,facial
depressed,facile
depressing,facilitate
depressingly,facilitative
depression,factual
depressions,facultative
depressive,fain
deprive,fair
deprived,fairly
deride,fairness
derision,faith
derisive,faithful
derisively,faithfully
derisiveness,faithfulness
derogatory,fame
desecrate,famed
desert,family
desertion,famous
desiccate,famously
desiccated,fan
desolate,fancier
desolately,fancy
desolation,fanfare
despair,fantasize
despairing,fantastic
despairingly,fantastically
desperate,far-out
desperately,far-seeing
desperation,far-sighted
despicable,fare
despicably,fascinate
despise,fascinating
despised,fascinatingly
despiteful,fascination
despiteous,fashionable
despoil,fashionably
despoiler,fashionista
despondence,fast
despondency,fast-lane
despondent,fast-paced
despondently,fast-track
despot,fastest
despotic,fastidious
despotism,fastness
destitute,fatherly
destitution,faultless
destroy,fauntleroy
destroyer,fave
destruction,favour
destructive,favourable
desultory,favoured
detached,favourite
deter,fearless
deteriorate,fearlessly
deteriorating,feasible
deterioration,feasibly
deterrent,feast
detest,feat
detestable,feature
detestably,feature-rich
detested,febrile
detesting,fecund
detests,fecundate
detract,feel-good
detracted,felicitate
detracting,felicitous
detraction,felicity
detracts,fellow-feeling
detriment,fellowship
detrimental,fertile
deuced,fervent
devastate,fervently
devastated,fervid
devastates,fervidly
devastating,fervour
devastatingly,festal
devastation,festival
deviant,festive
deviate,festivity
deviation,fetching
devil,fete
devilish,fete-champetre
devilishly,fete-galante
devilment,fever
devilry,fever-pitch
devious,fevered
deviously,fey
deviousness,fidelity
devoid,fidus-achates
diabolic,fiesta
diabolical,fighting-fit
diabolically,fine
diametrically,fine-looking
diatribe,fine-tune
diatribes,finely
dick,finesse
dictator,finest
dictatorial,firm
die,first
die-hard,first-class
died,first-rate
dies,fit
difficult,fitting
difficulties,five
difficulty,five-star
diffidence,flamboyant
dilapidated,flash
dilemma,flatter
dilly-dally,flattered
dim,flattering
dim-witted,flatteringly
diminished,flavourful
dimmer,flawless
ding,flawlessly
dings,fledged
dingy,fleet
dinky,flexibility
dippy,flexible
dire,flourish
direful,flourishing
direly,flower
direness,fluent
dirt,fluently
dirty,flush
disable,flutter
disabled,fly
disaccord,focus
disadvantage,focused
disadvantaged,fond
disadvantageous,fondly
disadvantages,fondness
disaffect,fool-proof
disaffected,footloose
disaffirm,for
disagree,for-real
disagreeable,force
disagreeably,forceful
disagreed,foremost
disagreeing,foresee
disagreement,foresight
disagrees,foresighted
disallow,forever
disappoint,forgivable
disappointed,forgive
disappointing,forgiveness
disappointingly,forgiving
disappointment,formal
disappointments,formidable
disappoints,forthright
disapprobation,fortified
disapproval,fortify
disapprove,fortifying
disapproving,fortitude
disarm,fortuitous
disarray,fortuitously
disaster,fortunate
disastrous,fortunately
disastrously,fortune
disavow,forward
disavowal,forward-thinking
disbelief,foxy
disbelieve,fragrant
disbeliever,frank
disclaim,fraternal
discombobulate,free
discomfit,free-spirit
discomfitdiscomfort,freed
discomfort,freedom
discompose,freedoms
disconcert,fresh
disconcerted,friend
disconcerting,friendliness
disconcertingly,friendly
disconsolate,friendship
disconsolately,fringe-benefit
disconsolation,frisk
discontent,frisky
discontented,frisson
discontentedly,frolic
discontinued,frolicsome
discontinuity,front-page
discontinuous,front-runner
discord,frugal
discordance,fruitful
discordant,ftw
discountenance,fulfil
discourage,fulfilled
discouragement,fulfilling
discouraging,fulfilment
discouragingly,fulgent
discourteous,full
discourteously,full-blooded
discredit,full-marks
discrepant,fully
discriminate,fulsome
discriminating,fun
discrimination,fundamental
discriminative,fundraiser
discriminatory,funfair
disdain,funky
disdained,funny
disdainful,future-proof
disdainfully,fáilte
disease,gad
disenchanted,gag
disengaged,gaiety
disfavor,gaily
disgrace,gain
disgraced,gained
disgraceful,gainful
disgracefully,gainfully
disgruntle,gains
disgruntled,gala
disgust,galahad
disgusted,gale
disgustedly,galibi
disgustful,gallant
disgustfully,gallantly
disgusting,gallantry
disgustingly,gallivant
dishearten,gallus
disheartening,galore
dishearteningly,galvanize
disheveled,game
dishonest,gameplan
dishonestly,gamesome
dishonesty,gamine
dishonor,gangbuster
dishonorable,garb
disillusion,gargantuan
disillusioned,garland
disillusionment,garnish
disillusions,gastronome
disinclination,gastronomy
disinclined,gay
disingenuous,geek
disingenuously,gem
disintegrate,generate
disintegrated,generativity
disintegrates,generosity
disintegration,generous
disinterest,generously
disinterested,genial
dislikable,genius
dislike,genteel
disliked,gentle
dislikes,gentlefolk
disliking,gentleman
dislocated,gentlemanly
disloyal,gentlewoman
disloyalty,genuine
dismal,germane
dismally,get-at-able
dismalness,gettable
dismay,getter
dismayed,giddy
dismaying,gift
dismayingly,gifted
dismissive,giggle
dismissively,giggling
disobedience,gild
disobedient,ginger
disobey,gingerly
disorder,girlfriend
disordered,gist
disorderly,give
disorganized,giving
disorient,glad
disoriented,glad-rags
disown,gladden
disparage,gladhand
disparaging,gladly
disparagingly,gladness
disparate,glam
dispassionate,glamor
dispensable,glamorize
dispirit,glamorous
dispirited,glamour
dispiritedly,glasnost
dispiriting,gleam
displace,gleaming
displaced,glee
displease,gleeful
displeased,gleefully
displeasing,glimmer
displeasure,glimmering
disproportionate,glisten
disprove,glistening
disputable,glister
dispute,glitter
disputed,glitterati
disquiet,glitz
disquieting,glorify
disquietingly,glorious
disquietude,gloriously
disregard,glory
disregardful,glossy
disreputable,glow
disrepute,glowing
disrespect,glowingly
disrespectable,go
disrespectful,goal-oriented
disrespectfully,god
disrespectfulness,god-fearing
disrespecting,god-given
disrupt,god-send
disruption,goddess
disruptive,godlike
dissatisfaction,godliness
dissatisfactory,godly
dissatisfied,god’s-gift
dissatisfies,god’s-truth
dissatisfy,going
dissatisfying,going-that-extra-mile
dissed,golconda
dissemble,gold
dissembler,gold-standard
dissension,golden
dissent,golden-goal
dissenter,golden-goose
dissention,golden-handcuffs
disservice,golden-hello
disses,golden-jubilee
dissidence,golden-oldie
dissident,golden-wedding
dissidents,good
dissing,good-feeling
dissocial,good-form
dissolute,good-friday
dissolution,good-health
dissonance,good-hearted
dissonant,good-humoured
dissonantly,good-looking
dissuade,good-natured
dissuasive,good-tempered
distains,good-works
distaste,goodish
distasteful,goodly
distastefully,goodness
distort,goodnight
distorted,goodwill
distortion,goody
distorts,gorge
distract,gorgeous
distracted,gorgeously
distracting,gorgeousness
distraction,gosh
distraught,gourmandize
distraughtly,gourmet
distress,grace
distressed,graced
distressful,graceful
distressing,gracefully
distressingly,gracile
distrust,gracility
distrustful,gracious
distrusting,graciously
disturb,graciousness
disturbance,gradely
disturbed,graduate
disturbing,grammy
disturbingly,grand
disunity,grandee
disvalue,grandeur
ditzy,grandiose
divergent,grandiosity
diverting,grandmaster
divine,grandslam
divisive,grateful
divisively,gratefully
divisiveness,gratefulness
dizzy,gratification
doddering,gratified
dodgy,gratifier
dogged,gratify
doggedly,gratifying
dogmatic,gratifyingly
doldrums,gratitude
dolt,gratuity
domineer,gravitate
domineering,great
don't,great-hearted
doom,greatest
doomed,greatly
doomful,greatness
doomsday,greet
doomy,greeting
dope,gregarious
dorky,grin
dotty,grind
double-faced,grit
doubt,gritty
doubtful,grok
doubtfully,groom
doubting,groovy
doubts,ground-breaking
douchebag,grounded
douchebags,grow
dour,growing
dowdy,grown
down,growth
down-and-out,guarantee
downbeat,guaranteed
downcast,guard
downer,guerdon
downfall,guest
downfallen,guffaw
downgrade,guidance
downhearted,guide
downheartedly,guileless
downhill,guilt-free
downside,guiltless
downsides,gumption
downturn,gumptious
downturns,guru
downy,gush
dozy,gusher
drab,gushy
draconian,gussy
draconic,gusto
drag,guts
dragged,gutsy
dragging,gutty
dragoon,gymnastic
drags,habitable
drain,haecceity
drained,haere
draining,haha
drains,hail
drastic,halcyon
drastically,hale
drawback,half-price
drawbacks,hall
dread,hallelujah
dreadful,hallmark
dreadfully,hallmarks
dreadfulness,hallow
dreary,hallowed
dripped,halo
dripping,hand-pick
drippy,hand-picked
drips,handclap
drones,handily
droop,handle
droops,handout
droopy,hands-down
drop-out,handsel
drop-outs,handshake
dropout,handsome
dropouts,handsomely
drought,handsomeness
drowning,handy
drunk,hang
drunkard,hang-out
drunken,hansel
dubious,happening
dubiously,happily
dubitable,happiness
dud,happy
duff,happy-go-lucky
dull,hard-hitting
dullard,hard-wearing
dullish,hard-working
dumb,hardihood
dumbfound,hardy
dummy,hare
dump,harmless
dumped,harmonious
dumping,harmoniously
dumpish,harmonizable
dumps,harmonize
dun,harmony
dunce,haut-monde
dunderhead,haute-couture
dungeon,have
dungeons,haven
dupe,hawk-eyed
duplicitous,hayride
dusky,he-man
dust,head
dusty,head-turning
dwarf,headway
dweeb,heady
dwindling,heal
dying,healing
dysfunctional,health
earsplitting,health-food
eccentric,healthful
eccentricity,healthy
effigy,heart
effrontery,heart-throb
egocentric,heart-to-heart
egomania,heart-warming
egotism,hearten
egotistical,heartening
egotistically,heartfelt
egregious,heartily
egregiously,hearty
election-rigger,heaven
elimination,heaven-sent
emaciated,heavenly
emasculate,heavyweight
embarrass,hedonism
embarrassing,heed
embarrassingly,heedful
embarrassment,heigh
embattled,heighten
embroil,hello
embroiled,help
embroilment,helped
emergency,helper
emphatic,helpful
emphatically,helpfully
emptiness,helpfulness
encroach,helping
encroachment,helpmate
endanger,hen-night
enemies,hen-party
enemy,hep
enervate,hepcat
enfeeble,herald
enflame,heralded
engulf,hermetic
enjoin,hero
enmity,heroes
enrage,heroic
enraged,heroically
enraging,heroine
enslave,heroism
entangle,heroize
entanglement,heterosis
entrap,heuristic
entrapment,hi-fi
envious,hickey
enviously,hidalgo
enviousness,hiero
epidemic,high
equivocal,high-calibre
erase,high-class
erode,high-day
erodes,high-demand
eroding,high-minded
erosion,high-powered
err,high-priority
errant,high-quality
erratic,high-reaching
erratically,high-road
erroneous,high-spirited
erroneously,high-spiritedness
error,high-spirits
errors,high-spot
eruptions,high-tech
escapade,high-technology
eschew,high-tensile
estranged,highly
evade,highly-regarded
evasion,highly-seasoned
evasive,highly-valued
evil,hilarious
evildoer,hilarity
evilearsplitting,hinny
evils,hip
eviscerate,hippocratic
exacerbate,hipster
exaggerate,hit
exaggeration,hitch
exasperate,hitched
exasperated,ho-ho
exasperating,hobby
exasperatingly,hobnob
exasperation,hoedown
excessive,hold
excessively,hole-in-one
exclusion,holiness
excoriate,holy
excruciating,homage
excruciatingly,home
excuse,homely
excuses,homey
execrate,homie
exhaust,hone
exhausted,honest
exhaustion,honest-to-goodness
exhausts,honestly
exhaustsexhort,honesty
exhort,honey
exile,honeybun
exorbitant,honeyed
exorbitantly,honeymoon
expel,honeypot
expensive,hongi
expire,honora
expired,honorand
explode,honorary
exploit,honoree
exploitation,honorific
explosive,honoris-causa
expropriate,honour
expropriation,honourable
expulse,honourable-mention
expunge,honoured
exterminate,honouring
extermination,honours-list
extinguish,hooray
extort,hoot
extortion,hootenanny
extraneous,hope
extravagance,hope-chest
extravagant,hopeful
extravagantly,hopefully
extremism,hopefulness
extremist,horse-sense
extremists,hortative
eyesore,hosanna
f**k,hospitable
fabricate,hospitality
fabrication,host
facetious,hot
facetiously,hot-blooded
fail,hot-gospel
failed,hot-stuff
failing,hot-ticket
fails,hotcake
failure,hotcakes
failures,hotshot
faint,hottest
fainthearted,hottie
faithless,house-warming
fake,how
fall,howdy
fallacies,howl
fallacious,howling
fallaciously,hubba-hubba
fallaciousness,hug
fallacy,huge
fallen,huggable
falling,human
fallout,human-rights
falls,humane
false,humanistic
falsehood,humanitarian
falsely,humble
falsify,humdinger
falter,humility
faltered,humorous
famine,humorously
famished,humour
fanatic,hunky
fanatical,hunky-dory
fanatically,hurrah
fanaticism,hushaby
fanatics,hushabye
fanciful,huzza
far-fetched,hybrid-vigour
farce,hygiene
farcical,hygienic
farcical-yet-provocative,hygienist
farcically,hype
farfetched,hyped
fascism,hypersonic
fascist,hypnotic
fastidious,hysteria
fastidiously,hysteric
fat,hysterical
fat-cat,icebreaker
fat-cats,icon
fatal,iconic
fatalistic,iconize
fatalistically,idea
fatally,ideal
fateful,ideality
fatefully,idealize
fathomless,ideally
fatigue,ideate
fatigued,idol
fatty,idolize
fatuity,idolized
fatuous,idyll
fatuously,idyllic
fault,iechyd
faults,igratiate
faulty,illimitable
fawningly,illume
faze,illuminant
fear,illuminate
fearful,illuminating
fearfully,illumination
fears,illumine
fearsome,illustrate
feckless,illustrative
feeble,illustrious
feebleminded,imaginative
feign,imaginings
feint,imbibe
fell,imbue
felon,immaculate
felonious,immaculately
ferociously,immense
ferocity,immerse
fetid,immortal
fever,immortelle
feverish,immune
fevers,immunity
fiasco,immunize
fib,immunotherapy
fibber,impart
fickle,impartial
fiction,impartiality
fictional,impartially
fictitious,impassible
fidget,impassioned
fidgety,impeccable
fiend,impeccably
fiendish,impel
fierce,important
fight,impress
figurehead,impressed
filth,impressive
filthy,impressively
finagle,impressiveness
finicky,improve
fissures,improved
fist,improvement
flabbergast,improvements
flabbergasted,improving
flagging,improvise
flagrant,in
flagrantly,in-crowd
flair,in-depth
flairs,in-group
flak,inamorato
flake,incentive
flakey,incept
flaking,incisive
flaky,include
flare,inclusion
flares,inclusive
flat-out,income
flaunt,increase
flaw,incredible
flawed,incredibly
flaws,indebted
flee,indeed
fleeing,indestructible
fleer,individual
flees,individualism
fleeting,individuality
flicker,individualize
flickering,indomitable
flickers,indulgence
flighty,indulgent
flimflam,industrial-strength
flimsy,industrious
flirt,inestimable
flirty,inexpensive
floored,inexpensively
flounder,infallibility
floundering,infallible
flout,infallibly
fluster,infatuate
foe,infatuated
fool,infectious
fooled,infinite
foolhardy,infinitely
foolish,infinity
foolishly,influential
foolishness,inform
forbid,informal
forbidden,informative
forbidding,informatory
forceful,informed
foreboding,infotainment
forebodingly,infrangible
forfeit,infuse
forged,infusion
forgetful,ingenious
forgetfully,ingeniously
forgetfulness,ingenuity
forlorn,ingenuous
forlornly,ingenuously
forsake,ingratiating
forsaken,ingratiatingly
forswear,ingratiation
foul,inherit
foully,initiate
foulness,initiative
fractious,innocent
fractiously,innocuous
fracture,innovate
fragile,innovation
fragmented,innovative
frail,input
frantic,inquisitive
frantically,insight
franticly,insightful
fraud,insightfully
fraudulent,inspiration
fraught,inspirational
frazzle,inspire
frazzled,inspired
freak,inspiring
freaking,inspirit
freakish,instructive
freakishly,instrumental
freaks,insulate
freeze,integral
freezes,integrate
freezing,integrated
frenetic,integrity
frenetically,intellect
frenzied,intellection
frenzy,intellectual
fret,intelligence
fretful,intelligent
frets,intelligentsia
friction,intelligible
frictions,intercede
fried,interest
frigging,interest-free
fright,interested
frighten,interesting
frightening,interests
frighteningly,intergrow
frightful,interlude
frightfully,intimacy
frigid,intimate
frost,intrepid
frown,intricacy
froze,intricate
frozen,intrigue
fruitless,intriguing
fruitlessly,intriguingly
frustrate,intuition
frustrated,intuitive
frustrates,invaluable
frustrating,invaluably
frustratingly,invent
frustration,invention
frustrations,inventive
fuck,invest
fudge,invigorate
fugitive,invigorating
full-blown,invincibility
full-blownfulminate,invincible
fulminate,inviolable
fumble,inviolate
fume,invitation
fumes,invite
fundamentalism,inviting
funky,invocation
funnily,invulnerable
funny,irenic
furious,irie
furiously,ironclad
furor,irradiant
fury,irreplaceable
fuss,irreproachable
fussy,irresistible
fustigate,irresistibly
fusty,isotonic
futile,issue-free
futilely,izzat
futility,jest
fuzzy,joke
fuzzyfail,jolly
f”ck,jovial
f”cking,joy
gabble,joyful
gaff,joyous
gaffe,jubilant
gainsay,jubilation
gainsayer,juicy
gall,just
galling,kahuna
gallingly,kairos
galls,kaizen
gangster,keen
gape,keenly
garbage,keenness
garish,keep-fit
gasp,keep-up
gauche,keeper
gaudy,kempt
gawk,kermis
gawky,kia
geezer,kick
genocide,kick-ass
get-rich,kicking
ghastly,kicky
ghetto,kid-friendly
ghosting,kind
gibber,kind-hearted
gibberish,kindliness
gibe,kindly
giddy,kindness
gimmick,kindred
gimmicked,kindred-spirit
gimmicking,king-of-kings
gimmicks,king-sized
gimmicky,kingly
glare,kingpin
glaringly,kinship
glib,kiss
glibly,kissable
glitch,kissogram
glitches,klondike
gloatingly,knack
gloom,knee-slapper
gloomy,knees-up
glower,knight
glum,knightly
glut,knockout
gnawing,knowing
goad,knowledge
goading,knowledgeable
god-awful,kosher
goof,kudos
goofy,kvell
goon,kwanzaa
gossip,lady
graceless,ladylike
gracelessly,lagniappe
graft,laidback
grainy,lambent
grapple,lap-of-honour
grate,large
grating,large-hearted
grave,largesse
gravely,lark
greasy,lateral-thinking
greed,laud
greedy,laudable
grief,laudably
grievance,laudatory
grievances,laugh
grieve,laughing
grieving,laureate
grievous,lavish
grievously,lavishly
grim,law-abiding
grimace,lawful
grind,lawfully
gripe,lead
gripes,leader
grisly,leadership
gritty,leading
gross,lean
grossly,learn
grotesque,learned
grouch,learning
grouchy,legend
groundless,legendary
grouse,legerdemain
growl,legit
grudge,legitimacy
grudges,legitimate
grudging,legitimize
grudgingly,leisure
gruesome,leisured
gruesomely,leisurely
gruff,lekker
grumble,leman
grumpier,lenient
grumpiest,liberate
grumpily,liberation
grumpy,liberty
guile,lie-in
guilt,lief
guiltily,life
guilty,lifeline
gullible,lifesaver
gutless,lift
gutter,light
guttergawky,light-footed
hack,light-hearted
hacks,lighten
haggard,likable
haggle,like
halfhearted,liked
halfheartedly,likes
hallucinate,liking
hallucination,lily-white
hamper,limber
hampered,limpid
handicapped,linchpin
hang,lion
hangs,lionhearted
haphazard,lissom
hapless,literate
harangue,lithe
harass,live
harassed,live-wire
harasses,liveable
harassment,lively
harboring,livelyhood
harbors,liven
hard,living
hard-hearted,locket
hard-hit,lodestone
hard-liner,logic
hardball,logical
harden,long-lasting
hardened,long-lived
hardheaded,long-sighted
hardhearted,long-suffering
hardliner,longevity
hardliners,lovable
hardship,lovably
hardships,love
harm,love-affair
harmed,love-match
harmful,love-nest
harms,love-seat
harpy,lovebird
harridan,loved
harried,loved-up
harrow,loveliness
harsh,lovely
harshly,lover
hassle,lovesome
hassled,lovey
hassles,lovey-dovey
haste,loving
hastily,loving-kindness
hasty,low-cost
hate,low-key
hated,low-price
hateful,low-priced
hatefully,low-risk
hatefulness,lower-priced
hater,loyal
haters,loyalty
hates,lucent
hating,lucid
hatred,lucidly
haughtily,luck
haughty,luckiest
haunt,luckiness
haunting,lucky
havoc,lucrative
hawkish,luculent
haywire,lucullan
hazard,ludic
hazardous,lull
haze,lullaby
hazy,lulu
head-aches,luminary
headache,luminous
headaches,luscious
heartbreaker,lush
heartbreaking,luster
heartbreakingly,lustrate
heartless,lustre
heathen,lustrous
heavy-handed,lusty
heavyhearted,luvvy
heck,luxe
heckle,luxuriant
heckled,luxuriate
heckles,luxurious
hectic,luxuriously
hedge,luxury
hedonistic,lynx-eyed
heedless,made
hefty,magic
hegemony,magical
heinous,magnanimous
hell,magnetic
hell-bent,magnetism
hellion,magnificent
hells,magnify
helpless,magnitude
helplessly,mai
helplessness,main
heresy,mainstay
heretic,maintain
heretical,majestic
hesitant,majesty
hideous,major
hideously,majority
hideousness,make
high-priced,mammoth
hinder,manage
hindrance,manifest
hiss,manner
hissed,many
hissing,marketable
ho-hum,marriage
hoard,marvel
hoax,marvellous
hobble,marvelous
hogs,massive
hollow,master
homely,masterfully
hoodwink,masterpiece
hooligan,mate
hopeless,matter
hopelessly,mature
hopelessness,maturity
horde,maximum
horrendous,meaning
horrendously,meaningful
horrible,mediate
horrid,meditate
horrific,meditation
horrified,mellifluous
horrifies,mellow
horrify,melodic
horrifying,melodious
hostage,memorable
hostile,mental
hostilities,mentally-sharp
hostility,mentor
hotbeds,merciful
hothead,mercy
hotheaded,merit
hothouse,meritorious
hubris,merry
huckster,mesmerize
hum,mesmerizing
humid,method
humiliate,mettle
humiliating,million
humiliation,mind
humming,mind-blowing
hung,mindful
hurt,mindfulness
hurtful,mingle
hurting,miracle
hurts,miraculous
hustler,mirth
hype,miss
hypocrisy,mission
hypocrite,mobility
hypocrites,model
hypocritical,moderate
hypocritically,modern
hysteria,momentous
hysteric,monumental
hysterical,moral
hysterically,morale
hysterics,more
icky,most
idiocies,motherhood
idiocy,motivate
idiot,motivation
idiotic,move
idiotically,moving
idiots,movingly
idle,much
ignoble,multitude
ignominious,munificent
ignominiously,musical-pleasan
ignominy,must
ignorance,mutually
ignorant,nailed
ignore,nailed-on
ill,namaste
ill-advised,nascent
ill-conceived,natal
ill-defined,nationhood
ill-designed,nationwide
ill-fated,native
ill-favored,natty
ill-formed,natural
ill-mannered,naturally
ill-natured,nature
ill-sorted,nature-made
ill-tempered,natured
ill-treated,navigable
ill-treatment,navigate
ill-usage,near
ill-used,nearby
illegal,neat
illegally,neat-as-pin
illegitimate,neat-handed
illicit,neaten
illiterate,neatly
illness,necessarily
illogical,necessary
illogically,necessity
illusion,nectar
illusions,need
illusory,needed
imaginary,negative
imbalance,neighborhood
imbecile,neighborly
imbroglio,neo
immaterial,neonate
immature,neoteric
imminence,nestle
imminently,neutral
immobilized,never-dying
immoderate,never-ending
immoderately,never-failing
immodest,new
immoral,newborn
immorality,newfangled
immorally,newfound
immovable,newly
impair,newlywed
impaired,next
impasse,nibble
impatience,nice
impatient,nice-looking
impatiently,nice-one
impeach,nice-to-meet-you
impedance,nicely
impede,nicety
impediment,nifty
impending,nimble
impenitent,nimble-fingered
imperfect,nimbleness
imperfection,nimbly
imperfections,nimbus
imperfectly,nippy
imperialist,nirvana
imperil,nitty-gritty
imperious,no-doubt
imperiously,nob
impermissible,nobility
impersonal,noble
impertinent,nobleman
impetuous,nod
impetuously,noiseless
impiety,nom
impinge,nominate
impious,nominee
implacable,non
implausible,non-belligerent
implausibly,non-resistant
implicate,non-violence
implication,nonchalant
implode,noncommittal
impolite,nonnegative
impolitely,nonpareil
impolitic,nonstop
importunate,nook
importune,normal
impose,normally
imposers,norturing
imposing,nostalgia
imposition,notable
impossible,note
impossibleimpossibly,noted
impossibly,noteworthy
impotent,notice
impoverish,noticeable
impoverished,noticeably
impractical,nourish
imprecate,nourishing
imprecise,nourishment
imprecisely,nouveau
imprecision,novel
imprison,novelty
imprisonment,now
improbability,nubile
improbable,number
improbably,number-one
improper,numerous
improperly,numinous
impropriety,nurse
imprudence,nurture
imprudent,nutrient
impudence,nutriment
impudent,nutrition
impudently,nutritious
impugn,nuzzle
impulsive,nymph
impulsively,nymphet
impunity,oasis
impure,oath
impurity,obedient
in,objective
inability,objectively
inaccuracies,obliged
inaccuracy,obliging
inaccurate,obligingly
inaccurately,observant
inaction,obtain
inactive,obtainable
inadequacy,occur
inadequate,odds-on
inadequately,oecumenical
inadvisable,of
inane,of-substance
inanely,offer
inappropriate,offering
inappropriately,officia
inapt,ok
inarticulate,okay
inattentive,okayed
inaudible,okey-dokey
incapable,olympiad
incapably,omnipotent
incautious,omniscience
incendiary,omniscient
incense,on
incessant,on-hand
incessantly,on-target
incite,on-time
incitement,oncoming
incivility,one-hundred
inclement,one-of-a-kind
incoherence,one-up
incoherent,oneness
incoherently,ongoing
incommensurate,onward
incomparable,oodles
incomparably,oohlala
incompatibility,oomph
incompatible,ooze
incompetence,oozing
incompetent,opalescent
incompetently,open
incomplete,open-hearted
incomprehensible,open-heartedly
incomprehension,open-minded
inconceivable,open-mindedly
inconceivably,open-up
incongruous,opening
incongruously,openly
inconsequential,openness
inconsequentially,operable
inconsiderate,operatic
inconsiderately,operational
inconsistencies,operative
inconsistency,opportune
inconsistent,opportunities
inconsolable,opportunity
inconsolably,optimal
inconstant,optimistic
inconvenience,optimum
inconveniently,opulence
incorrect,opulent
incorrectly,ora
incorrigible,orchestrated
incorrigibly,orderly
incredulous,organic
incredulously,organizational
inculcate,organized
indecency,original
indecent,originality
indecently,originate
indecision,origination
indecisive,originative
indecisively,ornamental
indefensible,ornate
indelicate,orotund
indeterminable,osculate
indeterminably,out-of-sight
indeterminate,out-of-the
indifference,out-of-this-world
indifferent,outback
indigent,outdo
indignant,outdone
indignantly,outgoing
indignation,outlast
indignity,outplay
indiscernible,outrageous
indiscreet,outshine
indiscreetly,outshone
indiscretion,outsize
indiscriminate,outsmart
indiscriminately,outspoken
indistinguishable,outstanding
indoctrinate,outstretch
indoctrination,ovation
indolent,over
indulge,over-joyful
ineffective,overachieve
ineffectively,overachiever
ineffectiveness,overactive
ineffectual,overage
ineffectually,overbold
inefficacy,overexcited
inefficiency,overflow
inefficient,overflowing
inefficiently,overfond
inelegance,overjoy
inelegant,overjoyed
ineligible,overjoying
ineligibleinept,overmodest
inept,overpower
ineptitude,overriding
ineptly,oversize
inequalities,overt
inequality,overtake
inequitable,overtaking
inequitably,overwhelming
inequities,owner
inescapable,pace
inescapably,pacify
inessential,pain-free
inevitable,painless
inevitably,painlessly
inexcusable,painstaking
inexcusably,pair
inexorable,pal
inexorably,palatable
inexperience,palatial
inexperienced,pally
inexpert,palpable
inexpertly,pamper
inexpiable,par-excellence
inextricable,paradisal
inextricably,paradise
infamous,paragon
infamously,paramount
infamy,pardon
infected,parenting
infection,particular
infections,partisan
inferior,partner
inferiority,partnership
infernal,party
infest,passion
infested,passionate
infidel,passionately
infidels,passive
infiltrator,paternal
infiltrators,pathfinder
infirm,patience
inflame,patient
inflammation,patiently
inflammatory,patriot
inflated,patriotic
inflationary,patriotism
inflexible,patronize
inflict,peace
infraction,peaceable
infringe,peaceably
infringement,peaceful
infringements,peacefulness
infuriate,peacekeeper
infuriated,peacemaker
infuriating,peach
infuriatingly,peachy
inglorious,peachy-keen
ingrate,peak
ingratitude,pearl
inhibit,peerless
inhibition,pep
inhospitable,peppy
inhospitableinhuman,percent
inhuman,perception
inhumane,perceptive
inhumanity,perfect
inimical,perfection
inimically,perfectionist
iniquitous,perfectly
iniquity,perk
injudicious,perky
injure,permanent
injureinjurious,permissible
injurious,perseverance
injury,persevere
injustice,persist
injustices,persistence
innuendo,persistent
inoperable,persistently
inopportune,personable
inordinate,personality
inordinately,perspective
insane,persuasive
insanely,persuasively
insanity,pert
insatiable,pertinent
insecure,pervade
insecurity,petichor
insensible,petite
insensitive,phenomena
insensitively,phenomenal
insensitivity,phenomenally
insidious,phenomenon
insidiously,phew
insignificance,philanthropic
insignificant,philanthropist
insignificantly,philanthropy
insincere,philosopher
insincerely,philosophical
insincerity,pick
insinuate,pick-me-up
insinuating,picturesque
insinuation,piety
insipid,pilot
insolence,pinnacle
insolent,pioneer
insolently,pioneering
insolvent,pious
insouciance,piquancy
instability,piquant
instigate,pivotal
instigator,pizzazz
instigators,placid
insubordinate,plausible
insubstantial,play
insubstantially,playful
insufferable,playfulness
insufferably,playmate
insufficiency,plea
insufficient,pleasant
insufficiently,pleasantly
insular,please
insult,pleased
insulted,pleasing
insulting,pleasurable
insultingly,pleasure
insults,plenitude
insupportable,plenteous
insurmountable,plentiful
insurmountably,plenty
insurrection,pliability
intense,pliable
interfere,plucky
interference,plug
interferes,plum
intermittent,plummy
interrupt,plump
interruption,plus
interruptions,plush
intimidate,poet
intimidating,poetic
intimidatingly,poetical
intimidation,poise
intolerable,polish
intolerance,polite
intoxicate,politely
intractable,politeness
intransigence,popular
intransigent,popularity
intrude,portable
intrusion,portal
intrusive,portray
inundate,posh
inundated,positive
invader,positively
invalid,positivity
invalidate,possess
invalidity,possibility
invasive,possible
invective,potent
inveigle,potential
invidious,power
invidiously,powerful
invidiousness,practical
invisible,practicality
involuntarily,practice
involuntary,practiced
irascible,pragmatic
irate,pragmatically
irately,praise
ire,praiseworthy
irk,pray
irked,prayer
irking,precious
irks,precise
irksome,precisely
irksomely,precision
irksomeness,predominant
ironic,preeminent
ironical,preferable
ironically,preferred
ironies,premier
irony,premium
irrational,prepare
irrationality,prepared
irrationally,preparedness
irrationals,preponderant
irreconcilable,prepotent
irrecoverable,presence
irrecoverably,present
irredeemable,preservation
irredeemably,preserve
irregular,president
irregularity,prestige
irrelevance,prestigious
irrelevant,presto
irreparable,prettiness
irrepressible,pretty
irresolute,prevail
irresoluteirresponsible,prevailing
irresponsible,prevalent
irresponsibly,priceless
irresponsiblyirretrievable,pride
irretrievable,primal
irreversible,primary
irritable,prime
irritably,primo
irritant,prince
irritate,princely
irritated,princess
irritating,principal
irritation,principle
irritations,principled
isolate,prior
isolated,priority
isolation,pristine
issue,privacy
issues,private
itch,privilege
itching,privileged
itchy,prize
jabber,prized
jaded,prizewinner
jagged,pro
jam,proactive
jarring,process
jaundiced,prodigious
jealous,prodigy
jealously,produce
jealousness,productive
jealousy,productively
jeer,productivity
jeering,professional
jeeringly,professor
jeers,proficient
jeopardize,profit
jeopardy,profitable
jerk,profound
jerky,profoundly
jitter,profuse
jitters,profusion
jittery,progress
job-killing,progressive
jobless,prolific
joke,prominence
joker,prominent
jolt,prominently
judder,promise
juddering,promising
judders,promisingly
jumpy,promote
junk,promotion
junky,prompt
junkyard,promptly
kill,proper
killed,properly
killer,propitious
killing,proponent
killjoy,propose
kills,prospect
knave,prospective
knife,prosper
knock,prosperity
knotted,prosperous
kook,protagonist
kooky,protect
lack,protected
lackadaisical,protective
lacked,protector
lackey,protege
lackeys,proud
lacking,proudly
lackluster,proven
lacks,provider
laconic,provocative
lag,prowess
lagged,prudence
lagging,prudent
lags,psychics
laid-off,psychotherapy
lambast,pukka
lambaste,pumped
lame,punchy
lame-duck,punctilious
lament,punctual
lamentable,punctuality
lamentably,puppy
languid,pure
languish,purely
languor,purify
languorous,purity
languorously,purpose
lanky,purposeful
lapse,quadruple
lapsed,quaff
lapses,quaint
lascivious,quaintise
last-ditch,quaintisiness
latency,quaintly
laughable,qualified
laughably,qualify
laughingstock,qualitative
lawbreaker,qualitatively
lawbreaking,quality
lawless,quality-assurance
lawlessness,quality-of-life
layoff,quality-time
layoff-happy,quantifiable
lazy,quantity
leak,quarter
leakage,quat
leakages,queen
leaking,queenhood
leaks,queenly
leaky,queep
lecher,quell
lecherous,quemeful
lechery,quench
leech,quenching
leer,querist
leery,quest
left-leaning,quester
lemon,question
lengthy,qui
less-developed,quick
lesser-known,quick-as-a-flash
letch,quick-march
lethal,quick-moving
lethargic,quick-release
lethargy,quick-sighted
lewd,quick-thinking
lewdly,quick-witted
lewdness,quick-wittedly
liability,quicken
liable,quickening
liar,quicker
liars,quickly
licentious,quickness
licentiously,quickstep
licentiousness,quiddity
lie,quiescent
lied,quiet
lies,quieter
life-threatening,quietly
lifeless,quietness
limit,quietsome
limitation,quillet
limitations,quintessence
limited,quintessential
limits,quintessentially
limp,quip
listless,quirk
litigious,quirky
little-known,quite
livid,quiver
lividly,quixotic
loath,quiz
loathe,quota
loathing,quotable
loathly,quotation
loathsome,quote
loathsomely,quotes
lone,quotha
loneliness,quotidian
lonely,racy
loner,rad
lonesome,radiance
long-time,radiant
long-winded,radiantly
longing,radiate
longingly,rah
loophole,rain-maker
loopholes,rainbow
loose,raison-d’etre
lootlose,rambunctious
loselousylumpy,rapid
loser,rapidly
losers,rapport
loses,rapt
losing,rapture
loss,rapturous
losses,rapturously
lost,rasasvada
loud,rational
louder,rationality
lousy,rationally
loveless,ravish
lovelorn,ravishing
low-rated,ravishingly
lowly,razor-sharp
ludicrous,re-connection
ludicrously,reachable
lugubrious,readable
lukewarm,readily
lull,readiness
lumpy,ready
lunaticlurch,reaffirm
lure,reaffirmation
lurid,real
lurk,realistic
lurking,reality
lying,realizable
macabre,really
mad,reap
madden,reason
maddening,reasonable
maddeningly,reasonably
madder,reasoned
madly,reassurance
madman,reassure
madness,reassuring
maladjusted,reassuringly
maladjustment,reborn
malady,receive
malaise,receiver
malcontent,reception
malcontented,receptive
maledict,receptively
malevolence,recherche
malevolent,recipient
malevolently,reciprocal
malice,reciprocally
malicious,reciprocate
maliciously,reclaim
maliciousness,recognition
malign,recognizable
malignant,recognize
malodorous,recognized
maltreatment,recommend
mangle,recommendable
mangled,recommendation
mangles,recommendations
mangling,recommended
mania,reconcile
maniac,reconciliation
maniacal,record-setting
manic,recover
manipulate,recovery
manipulation,recreation
manipulative,rectification
manipulators,rectify
mar,rectifying
marginal,recuperation
marginally,recuperative
martyrdom,red-carpet
martyrdom-seeking,redeem
mashed,redeeming
massacre,redemption
massacres,refine
matte,refined
mawkish,refinement
mawkishly,reflection
mawkishness,reflective
meager,reflectively
mean,reform
meaningless,reformed
meanness,reforming
measly,reforms
meddle,refresh
meddlesome,refreshed
mediocre,refreshing
mediocrity,refreshingly
melancholy,refulgent
melodramatic,refund
melodramatically,refunded
meltdown,regal
menace,regally
menacing,regard
menacingly,regnant
mendacious,regular
mendacity,regulator
menial,reincarnation
merciless,rejoice
mercilessly,rejoicing
mess,rejoicingly
messed,rejuvenate
messes,rejuvenated
messing,rejuvenating
messy,rejuvenation
midget,rejuvenescent
miff,relatedness
militancy,relationships
mindless,relax
mindlessly,relaxation
mirage,relaxed
mire,relaxing
misalign,relaxingly
misaligned,release
misaligns,releasing
misapprehend,relent
misbecome,relevant
misbecoming,reliability
misbegotten,reliable
misbehave,reliably
misbehavior,relief
miscalculate,relieve
miscalculation,relieved
miscellaneous,reliever
mischief,religion
mischievous,relish
mischievously,remarkable
misconception,remarkably
misconceptions,remedy
miscreant,remission
miscreants,remissive
misdirection,remunerate
miser,renaissance
miserable,renew
miserableness,renewed
miserably,renovate
miseries,renovation
miserly,renown
misery,renowned
misfit,replaceable
misfortune,repose
misgiving,represent
misgivings,reputable
misguidance,reputably
misguide,reputation
misguided,resilience
mishandle,resilient
mishap,resiliently
misinform,resolute
misinformed,resolutely
misinterpret,resolve
misjudge,resolved
misjudgment,resound
mislead,resounding
misleading,resoundingly
misleadingly,resource
mismanage,resourceful
mispronounce,resourcefully
mispronounced,resourcefulness
mispronounces,respect
misread,respectable
misreading,respectably
misrepresent,respected
misrepresentation,respectful
miss,respectfully
missed,respite
misses,resplendent
misshapen,resplendently
missing,responsibility
misstatement,responsible
mist,responsibly
mistake,responsive
mistaken,responsively
mistakenly,rest
mistakes,rested
mistress,restful
mistrust,restfully
mistrustful,restoration
mistrustfully,restorative
mists,restoratively
misunderstand,restore
misunderstanding,restored
misunderstandings,restructure
misunderstood,restructured
misuse,restructuring
moan,result
mobster,results
mock,retentive
mocked,retentively
mockeries,retractable
mockery,return
mocking,reveal
mockingly,revealing
mocks,revel
moldy,revelation
molest,revere
molestation,revered
monotonous,reverence
monotony,reverent
monster,reverently
monstrosities,revitalize
monstrosity,revitalizing
monstrous,revival
monstrously,revive
moody,revived
moot,revives
mope,revolutionary
morbid,revolutionize
morbidly,revolutionized
mordant,revolutionizes
mordantly,reward
moribund,rewardable
moron,rewarding
moronic,rewardingly
morons,rhapsodic
mortification,rhapsodically
mortified,rhapsody
mortify,rich
mortifying,richer
motionless,richly
motley,richness
mourn,right
mourner,right-o
mournful,righten
mournfully,righteous
mouth,righteously
muddle,righteousness
muddy,rightful
mudslinger,rightfully
mudslinging,rightly
mulish,rightness
multi-polarization,ripe
mundane,rise
murder,risible
murderer,risibly
murderous,risk-free
murderously,risk-taking
murky,robust
muscle-flexing,robustly
mushy,rock
musty,roger
mysterious,roger-that
mysteriously,roll
mystery,rollick
mystify,rollicking
myth,rollickingly
mythmalicious,romance
nag,romantic
nagging,romantically
naive,romanticize
naively,romeo
narrower,roomier
nastily,roomy
nastiness,rooted
nasty,rooter
naughty,rose
nauseate,rosily
nauseates,rosiness
nauseating,rosy
nauseatingly,round
naïve,rounded
nebulous,rouse
nebulously,rousing
needless,rousingly
needlessly,royal
needy,rugged
nefarious,ruggedly
nefariously,ruler
negate,ruling
negation,run
negative,run-after
negatives,run-for-my-money
negativity,runner
neglect,sabbath
neglected,saccharine
negligence,sacd
negligent,sachem
nemesis,sacralise
nepotism,sacralization
nervous,sacralize
nervously,sacred
nervousness,sacrifice
nettle,sacrificial
nettlesome,sacrificially
neurotic,sacring
neurotically,sacrosanct
never,sadhu
niggle,safe
niggles,safe-bet
nightmare,safe-guard
nightmarish,safe-house
nightmarishly,safe-keeping
nitpick,safe-period
nitpicking,safe-sex
no,safely
nobody,safeness
noise,safety
noises,safety-belt
noisier,safety-cage
noisy,safety-catch
non-confidence,safety-curtain
nondescript,safety-film
nonexistent,safety-glass
nonresponsive,safety-lamp
nonsense,safety-match
nosey,safety-net
not,safety-pin
notoriety,safety-razor
notorious,safety-use
notoriously,safety-valve
noxious,saga
nuisance,sagacious
numb,sagaciously
obese,sagacity
object,sagamore
objection,saganaki
objectionable,sage
objections,sagely
oblique,sago
obliterate,sahib
obliterated,sail
oblivious,saint
obnoxious,saintliness
obnoxiously,saintly
obscene,saints-day
obscenely,salaam
obscenity,salary
obscure,sale
obscured,saleable
obscures,salient
obscurity,saliently
obsess,salivate
obsessive,sally-lunn
obsessively,saloon-car
obsessiveness,salt-of-the-earth
obsolete,salubrious
obstacle,salubriously
obstinate,salubrity
obstinately,salut
obstruct,salutary
obstructed,salutation
obstructing,salutational
obstruction,salutatorian
obstructs,salutatory
obtrusive,salute
obtuse,salutiferous
occlude,salvage
occluded,salvation
occludes,salvationist
occluding,salve
odd,samaritan
odder,samskara
oddest,sanative
oddities,sanctification
oddity,sanctified
oddly,sanctifier
odious,sanctify
odor,sanctifying
offence,sanctimonious
offend,sanction
offender,sanctioned
offending,sanctitude
offenses,sanctity
offensive,sanctuary
offensively,sanctum
offensiveness,sanctus
officious,sand-pit
old,sandlot
ominous,sane
ominously,sanely
omission,saneness
omit,sangfroid
one-sided,sanguine
onerous,sanguinely
onerously,sanguineness
onslaught,sanitarily
opinionated,sanitariness
opponent,sanitary
opportunistic,sanitize
oppose,sanity
opposition,santa
oppositions,santa-claus
oppress,sap
oppression,sapid
oppressive,sapidity
oppressively,sapience
oppressiveness,sapient
oppressors,sapientia
ordeal,sapiential
orphan,sapiently
ostracize,sapling
outbreak,sardar
outburst,sassy
outbursts,sate
outcast,satiable
outcry,satiate
outlaw,satiation
outmoded,satiety
outrage,satisfaction
outraged,satisfactorily
outrageous,satisfactoriness
outrageously,satisfactory
outrageousness,satisfiability
outrages,satisfiable
outsider,satisfied
over-acted,satisfies
over-awe,satisfy
over-balanced,satisfying
over-hyped,satisfyingly
over-priced,satori
over-valuation,satsang
overact,satsanga
overacted,saturated
overawe,saturnalia
overbalance,saucily
overbalanced,sauciness
overbearing,saucy
overbearingly,sauna
overblown,saunter
overdo,savant
overdone,save
overdue,save-a-packet
overemphasize,saver
overheat,saving
overkill,saving-grace
overloaded,savings
overlook,savior
overpaid,saviour
overplay,savoir-faire
overpower,savor
overpriced,savory
overrated,savour
overreach,savouring
overrun,savoury
overshadow,savvied
oversight,savvier
oversights,savvies
oversimplification,savviest
oversimplified,savvy
oversimplify,savvying
oversize,say
overstate,scale-of-god
overstated,scamper
overstatement,scenic
overstatements,scherzando
overstates,scherzo
overtaxed,schmooze
overtaxoved,scholar
overthrow,scholarly
overthrows,scholarship
overturn,school
overweight,schoolmate
overwhelm,science
overwhelmed,scientific
overwhelming,scintillate
overwhelmingly,scintillating
overwhelms,scintillatingly
overzealous,scintillation
overzealously,scintillator
pain,scion
painful,scope
painfully,score
pains,scores
pale,scot-free
pales,scrappy
paltry,scream
pan,screamer
pandemonium,script
pander,scripter
pandering,scrummier
panders,scrummiest
panic,scrummy
panicked,scrumptious
panicking,scrumptiously
panicky,scrumptiousness
paradoxical,scrupulous
paradoxically,sculp
paralyzed,sculptor
paranoia,seamless
paranoid,season
parasite,seasonable
pariah,seasoned
parody,seaworthy
partiality,secluded
partisan,seclusion
partisans,second-advent
passive,second-sight
passiveness,second-sighted
pathetic,second-wind
pathetically,secure
patronize,secured
paucity,securely
pauper,security
paupers,seductive
payback,sedulity-
peculiar,sedulous
peculiarly,sedulously
pedantic,sedulously–
peeled,sedulousness-
peeve,sedulous–
peeved,see-ya
peevish,seek
peevishly,seeker
penalize,seem
penalty,seemly
perfidious,select
perfunctory,selective
peril,self-acceptance
perilous,self-affirmation
perilously,self-analysing
perish,self-analysis-
pernicious,self-assertive
perplex,self-assurance
perplexed,self-assured
perplexing,self-awareness
perplexity,self-belief
persecute,self-compassion
persecution,self-confidence
pertinacious,self-confident
pertinaciously,self-confident-
pertinacity,self-confidently
perturb,self-confidently-
perturbed,self-consistency
pervasive,self-consistent
perverse,self-control
perversely,self-controlled
perversion,self-defence
perversity,self-defensive
pervert,self-determination
perverted,self-discipline
perverts,self-disciplined
pessimism,self-discovery
pessimistic,self-esteem
pessimistically,self-expression
pest,self-forgiveness
pestilent,self-fulfilling
petrified,self-help
petrify,self-kindness
pettifog,self-love
petty,self-made
phobia,self-protection
phobic,self-realisation
phony,self-realization
picket,self-respect
picketed,self-sacrifice-
picketing,self-sacrificing
pickets,self-satisfaction
picky,self-starter
pig,self-starting
pigs,self-sufficiency
pillage,self-sufficient
pillory,self-sufficient-
pimple,self-sustained
pinch,self-sustaining
pique,self-taughtself-worth
pitiable,selfless
pitiful,selflessly
pitifully,selflessness
pitiless,selling-point-
pitilessly,sensation
pittance,sensational
pity,sensationally
plagiarize,sensations
plague,sense
plain,sensibility
plaything,sensible
plea,sensibly
pleas,sensitive
plebeian,sensitively
plight,sensitivity
plot,sensitize
plotters,sensual
ploy,sensuous
plunder,sensuously
plunderer,sentient
pointless,sentiment
pointlessly,sentimental
poison,sentimental-value
poisonous,sentimentally
poisonously,sentinel
pokey,sequacious
poky,sequin
pollute,serenade
polluter,serenader
polluters,serendipitous
pompous,serendipitously
poor,serendipity
poorer,serene
poorest,serenely
poorly,serenity
posturing,serious
pout,seriously
poverty,serve
powerless,server
prate,service
pratfall,serviceable
prattle,set
precarious,settled
precariously,settling
precipitate,seventh-day-adventist
precipitous,sex-appeal
predatory,sex-bomb
predicament,sex-symbol
prejudge,sexcentenary
prejudice,sexiness
prejudices,sexpot
prejudicial,sexual
premeditated,sexy
preoccupy,sfx
preposterous,sgraffito
preposterously,shabash
presumptuous,shabbat
presumptuously,shabbos
pretend,shalom
pretense,shape
pretentious,shape-shifting
pretentiously,shapeliness
prevaricate,shapely
pricey,share
pricier,share-out
prick,sharp
prickle,sharp-featured
prickles,sharp-witted
pridefulprimitive,sharp-wittedness
prison,sharper
prisoner,sharpest
problem,sharpness
problematic,sharpy
problems,shaver
procrastinate,shazaam
procrastinates,shazam
procrastination,sheen
profane,sheeniest
profanity,sheeny
prohibit,sheer
prohibitive,shekhinah
prohibitively,shelter
propaganda,shift
propagandize,shifting
proprietary,shimmering
prosecute,shimmeringly
protest,shimmery
protested,shindig
protesting,shindy
protests,shine
protracted,shine-shining
provocation,shiner
provocative,shine–shining
provoke,shining
pry,shiningly
pugnacious,shiny
pugnaciously,shipshape
pugnacity,show
punch,show-up-more-present
punish,showy
punishable,shrewd
punitive,shrewdess
punk,shy
puny,sight
puppet,sightly
puppets,significance
puzzled,significant
puzzlement,significantly
puzzling,silent
quack,silver
qualm,simple
qualms,simpler
quandary,simplest
quarrelquarrels,simplicity
quarrelsome,simplified
quash,simplifies
queer,simplify
questionable,simplifying
quibble,simply
quibbles,sincere
quirky,sincerely
quit,sincerity
quitter,sinew
rabid,sinewy
racism,singular
racist,sir
racists,sire
racy,sister
radical,sisterly
radicalization,sizable
radically,size
radicals,sizzling
rage,skilful
ragged,skilfully
raging,skill
rail,skilled
raked,skillful
rampage,skipper
rampant,sky-high
ramshackle,slammin
rancor,sleek
randomly,sleekly
rankle,sleekness
rant,sleeky
ranted,sleep
ranting,sleep-tight
rants,slender
rape,slick
raped,sloane
raping,sloaney
rascal,sloe-eyed
rascals,slumber-party
rash,small-fry
rattle,smarm
rattled,smart
rattles,smarten
ravage,smarter
raving,smartest
reactionary,smartly
rebellious,smartness
rebuff,smash
rebuke,smashing
recalcitrant,smashingly
recant,smile
recession,smiles
recessionary,smiling
reckless,smilingly
recklessly,smitten
recklessness,smooch
recoil,smoocher
recourses,smooching
redundancy,smoochy
redundant,smoodge
refusal,smooth
refuse,smoother
refused,smoothes
refuses,smoothest
refusing,smoothie
refutation,smoothly
refute,snap
refuted,snappy
refutes,snazzily
refuting,snazziness
regress,snazzy
regression,snod
regressive,snog
regret,snoot
regretful,snug
regretfully,snugged
regrets,snuggery
regrettable,snugging
regrettably,snuggle
regretted,snugly
reject,snugness
rejected,snugs
rejecting,soar
rejection,soaraway
rejects,soarer
relapse,soaring
relentless,soaringly
relentlessly,sober
relentlessness,sobriety
reluctance,sociable
reluctant,sociably
reluctantly,social
remorse,social-partner
remorseful,socialise
remorsefully,socialization
remorseless,socialize
remorselessly,socializer
remorselessness,socializing
renounce,socially
renunciation,societal
repel,soft
repetitive,soft-hearted
reprehensible,soft-heartedness
reprehensibly,softer
reprehension,softly
reprehensive,soigne
repress,sol
repression,solace
repressive,solar
reprimand,solatium
reproach,soldier-of-christ
reproachful,solemn
reprove,solemness
reprovingly,solemnity
repudiate,solemnize
repudiation,solemny
repugnance,solicitous
repugnant,solicitously
repugnantly,solicitude
repulse,solid
repulsed,solidarity
repulsing,solidary
repulsive,solidify
repulsively,solidly
repulsiveness,son-of-man
resent,songbird
resentful,sonsy
resentment,sooth
resignation,soothe
resigned,soothing
resistance,soothingly
restless,sophisticate
restlessness,sophisticated
restrict,sophisticatedly
restricted,sorry
restriction,sorted
restrictive,sos
resurgent,soteriology
retaliate,sought-after
retaliatory,soul
retard,soul-food
retarded,soul-stretching
retards,soulful
reticent,soulfully
retract,soulmate
retreat,sound
retreated,soundly
revenge,soundness
revengeful,soundproof
revengefully,sounds-good
revert,soup-kitchen
revile,soup-up
reviled,souped-up
revoke,souvenir
revolt,sovereign
revolting,sovreign
revoltingly,space
revulsion,spacious
revulsive,spanking
rhapsodize,spark
rhetoric,sparkle
rhetorical,sparkles
ricer,sparkling
ridicule,sparkly
ridicules,spearhead
ridiculous,special
ridiculously,specialist
rife,speciality
rift,specialize
rifts,specially
rigid,spectacle
rigidity,spectacular
rigidness,spectacularly
rile,speed
riled,speed-dating
rip,speedily
rip-off,speedy
ripped,spell
risk,spellbind
risks,spellbinding
risky,spellbindingly
rival,spellbound
rivalry,spending-money
roadblocks,spice
rocky,spicky-and-span
rogue,spicy
rollercoaster,spiff
rot,spiffing
rotten,spiffy
rough,spine-tingling
rubbish,spirit
rude,spirited
rue,spiritedly
ruffian,spiritual
ruffle,spiritual-order
ruin,spiritually
ruined,splendent
ruining,splendid
ruinous,splendidly
ruins,splendiferous
rumbling,splendiferously
rumor,splendor
rumors,splendour
rumple,splurge
run-down,spoil
runaway,sponsor
rupture,spontaneity
rust,spontaneous
rusts,spontaneously
rusty,sport
rut,sporting
ruthless,sportingly
ruthlessly,sportive
ruthlessness,sportively
ruts,sportsmanship
sabotage,sporty
sack,spot
sacrificed,spot-on
sad,spotless
sadden,spotlessly
sadly,sprauncy
sadness,sprightly
sag,sprite
sagged,sprout
sagging,spruce
saggy,sprung
sags,spry
salacious,spunk
sanctimonious,spunky
sap,square
sarcasm,square-meal
sarcastic,squire
sarcastically,sshhhh!
sardonic,stability
sardonically,stabilization
sass,stabilize
satirical,stabilizerstable
satirize,stable
savage,stablish
savaged,stably
savagery,stacked
savages,stag-night
scaly,stage-struck
scam,staid
scams,stainless
scandal,stand-alone
scandalize,stand-up
scandalized,standard-bearer
scandalous,standardize
scandalously,standing-ovation
scandals,standout
scant,star
scapegoat,star-in-its-own-right
scar,star-spangled
scarce,star-struck
scarcely,star-studded
scarcity,starlet
scare,starry
scared,stars
scarier,start
scariest,state
scarily,state-of-the-art
scarred,stately
scars,statuesque
scary,stature
scathing,status
scathingly,staunch
scathinglyscoff,staunchly
scoff,staunchness
scold,staying-power
scolded,steadfast
scolding,steadfastly
scorching,steadfastness
scorn,steadiest
scornful,steadiness
scornfully,steady
scoundrel,steady-going
scourge,steel
scowl,steely
scramble,stellar
scrambled,stellarly
scrambles,sterile
scrambling,sterilize
scrap,sterilse
scratch,sterling
scratched,sthenic
scratches,still
scratchy,stimulant
scream,stimulate
screech,stimulated
screw-up,stimulates
screwed,stimulating
screwed-up,stimulation
screwy,stimulative
scuff,stimulus
scuffs,stipend
scum,stipendiary
scummy,stir
second-class,stirred
second-tier,stirring
secretive,stirringly
sedentary,stocking-filler
seedy,stoic
seethe,stoical
seething,stoked
self-coup,stolid
self-criticism,stong-hold
self-defeating,stonker
self-destructive,stoosh
self-humiliation,storied
self-interest,stout
self-interested,stout-hearted
self-serving,straight
self-servingselfish,straight-flush
selfish,straight-up
selfishly,straighten
selfishness,straightforward
semi-retarded,strategic
senile,streak
sensationalize,streamline
senseless,streamlined
senselessly,street-legal
seriousness,street-smart-
sermonize,street-wise
servitude,streetwise
set-up,strength
setback,strengthen
setbacks,strenuous
sever,stride
severe,strike
severity,striking
shabby,strikingly
shadowy,stringent
shady,stripling
shake,strive
shaky,striving
shallow,stroke
sham,strong
shambles,strong-suit
shame,strong-words
shameful,stronger
shamefully,strongest
shamefulness,strongly
shameless,stud
shamelessly,student
shamelessness,studious
shark,studiously
sharply,studly
shatter,studmuffin
shimmer,study
shimmy,stun
shipwreck,stunned
shirk,stunning
shirker,stunningly
shit,stupendous
shiver,stupendously
shock,sturdier
shocked,sturdy
shocking,style
shockingly,stylish
shoddy,stylishly
short-lived,stylist
shortage,stylized
shortchange,suasive
shortcoming,suave
shortcomings,suavely
shortness,sublime
shortsighted,subsidize
shortsightedness,subsidized
showdown,subsidizes
shrew,subsidizing
shriek,substantial
shrill,substantially
shrilly,substantiate
shrivel,substantive
shroud,subtilise
shrouded,subtilize
shrug,subtle
shun,subtly
shunned,subvent
sick,subvention
sicken,succeed
sickening,succeeded
sickeningly,succeeder
sickly,succeeding
sickness,succeeds
sidetrack,success
sidetracked,success-story
siege,successes
silly,successful
simplistic,successfully
simplistically,succinct
sin,succinctly
sinful,succulent
sinfully,suffice
sinister,sufficed
sinisterly,suffices
sink,sufficiency
sinking,sufficient
skeletons,sufficiently
skeptic,sugar
skeptical,sugar-dumpling
skeptically,suit
skepticism,suitable
sketchy,suitably
skimpy,suitor
skinny,summa-cum-laude
skittish,summary
skittishly,sumptuosity
skulk,sumptuous
slack,sumptuously
slander,sumptuousness
slanderer,sun
slanderous,sun-kissed
slanderously,sunbathe
slanders,sunday-best
slap,sunniness
slashing,sunny
slaughter,sunshine
slaughtered,suntan
slave,sup
slaves,super
sleazy,superabundant
slime,superabundantly
slog,superb
slogged,superbly
slogging,supercal
slogs,superconscious
sloppily,superfine
sloppy,superfly
sloth,superhero
slothful,superhuman
slow,superior
slow-moving,superiority
slowed,superlative
slower,superman
slowest,superpower
slowly,supple
slug,supply
sluggish,support
slump,supported
slumping,supporter
slur,supporting
slut,supportive
sluts,supportively
sly,supportiveness
smack,supports
smallish,supremacy
smash,supreme
smear,supremely
smell,supremo
smelled,sure
smelling,sure-fire
smells,sure-footed
smelly,surety
smelt,surfie
smoke,surmount
smokescreen,surpass
smolder,surprised
smoldering,surreal
smother,survival
smudge,survive
smudged,survivor
smudges,sustain
smudging,sustainability
smug,sustainable
smugly,sustained
smut,sustenance
smuttier,sustentation
smuttiest,svelte
smutty,swag
snag,swagger
snagged,swaggy
snagging,swain
snags,swank
snappish,swankier
snappishly,swankiest
snare,swanky
snarky,swaraj
snarl,swashbuckler
sneak,swashbuckling
sneakily,sweep
sneaky,sweeping
sneer,sweet
sneering,sweet-william
sneeringly,sweeten
snob,sweetener
snobbish,sweetheart
snobby,sweetie
snobs,sweetie-pie
snub,sweeting
soapy,sweetly
sob,sweetness
sober,swell
sobering,swift
solemn,swiftness
solicitude,swoon
somber,swoop
sore,sympathetic
sorely,sympathetically
soreness,sympathise
sorrow,sympathizer
sorrowful,sympathy
sorrowfully,sync
sorry,synergist
sour,synergy
sourly,systematic
spade,syzygy
spank,ta-da
spew,tackle
spewed,tact
spewing,tactful
spews,tailor-made
spilling,tailored
spinster,take
spiritless,take-charge
spite,talent
spiteful,talented
spitefully,tall
spitefulness,tame
splatter,tangible
split,tangy
splitting,tantalize
spoil,tantalizing
spoilage,tasteful
spoilages,tasty
spoiled,taught
spoils,taut
spook,teach
spookier,teacher
spookiest,teaching
spookily,team
spooky,teamwork
spoon-fed,temperate
spoon-feed,temptation
sporadic,tempting
spotty,tenable
spurious,tenacious
spurn,tenancy
sputter,tender
squabble,tenderhearted
squabbling,tenderness
squander,terrific
squash,testament
squeak,testimonial
squeaks,testimony
squeaky,thank
squeal,thank-you
squealing,thankful
squeals,thankfully
squirm,thankfulness
stab,thanks
stagnant,thanksgiving
stagnate,the
stagnation,the-one
staid,the-ultimate
stain,therapeutic
stains,therapy
stale,thinker
stalemate,thinking
stall,thirst
stalls,thorough
stammer,thoroughbred
stampede,thoroughly
standstill,thoroughness
stark,thoughtful
starkly,thoughtfully
startle,thoughtfulness
startling,thoughts
startlingly,thrill
starvation,thrilled
starve,thriller
static,thrilling
steal,thrive
stealing,thriving
steals,throne
steep,thumbs-up
steeply,tickle
stench,tidbit
stereotype,tidy
stereotypical,time-honored
stereotypically,timeless
stern,timeliness
stew,timely
sticky,tip-top
stiff,tireless
stiffness,tirelessly
stifle,titanis
stifling,titleholder
stiflingly,tlc
stigma,to-the-core
stigmatize,today
sting,together
stinging,togetherness
stingingly,tolerance
stingy,tolerant
stink,toothsome
stinks,top
stodgy,top-class
stole,top-dog
stolen,top-level
stooge,top-notch
stooges,top-priority
stormy,top-quality
straggle,top-tier
straggler,topmost
strain,toppers
strained,topping
straining,total
strange,totality
strangely,touch
stranger,touched
strangest,touching
strangle,tough
streaky,trademark
strenuous,trailblazer
stress,training
stresses,trait
stressful,tranquil
stressfully,tranquility
stricken,tranquillity
strict,transcend
strictly,transcendental
strident,transfixed
stridently,transform
strife,transformation
strike,transient
stringent,transparent
stringently,transpicuous
struck,treasure
struggle,treat
struggled,treatment
struggles,tremendous
struggling,tremendously
strut,trending
stubborn,trendsetter
stubbornly,trendy
stubbornness,tribune
stuck,trigger
stuffy,triumph
stumble,triumphant
stumbled,triumphantly
stumbles,trooper
stump,trophy
stumped,trove
stumps,true
stun,true-blue
stunt,true-hearted
stunted,true-love
stupid,true-lovers-knot
stupidest,truly
stupidity,trust
stupidly,trustful
stupor,trusting
stutter,trustworthiness
stuttered,trustworthy
stuttering,trusty
stutters,truth
sty,truthful
stymied,truthfully
sub-par,truthfulness
subdued,try
subjected,tuition
subjection,tune
subjugate,tuneful
subjugation,twinkle
submissive,twinkling
subordinate,tycoon
subpoena,uber
subpoenas,uberty
subservience,ubiquitary
subservient,ubiquitous
substandard,ubuntu
subtract,uh-hu
subversion,uhuh
subversive,ultimate
subversively,ultimately
subvert,ultimation
succumb,ultra
suck,ultra-crisp
sucked,ultraprecise
sucker,unabashed
sucks,unabashedly
sucky,unadulterated
sue,unaffected
sued,unaffectedly
sues,unafraid
suffer,unalloyed
suffered,unambiguous
sufferer,unambiguously
sufferers,unanchor
suffering,unanimous
suffers,unarguable
suffocate,unassailable
sugar-coat,unassuming
sugar-coated,unattached
sugarcoated,unbearably
suicidal,unbeatable
suicide,unbeaten
sulk,unbelieavable
sullen,unbelievable
sully,unbelievably
sunder,unbenumb
sunk,unberden
sunken,unbias
superficial,unbiased
superficiality,unbigoted
superficially,unblemished
superfluous,unbound
superstition,unbreakable
superstitious,unbroken
suppress,unburden
suppression,uncommon
surrender,uncomplicated
susceptible,unconditional
suspect,unconditionally
suspicion,unconfound
suspicions,uncontestable
suspicious,unconventional
suspiciously,uncorrupted
swagger,uncover
swamped,uncritical
sweaty,uncritically
swelled,undamaged
swelling,undauntable
swindle,undaunted
swipe,undefeated
swollen,undefiled
symptom,undeniable
symptoms,undeniably
syndrome,under
taboo,under-control
tacky,underbear
taint,underfong
tainted,understand
tamper,understandable
tangle,understanding
tangled,understandingly
tangles,understated
tank,understood
tanked,undertake
tanks,underwriter
tantrum,undesigning
tardy,undiminished
tarnish,undisputable
tarnished,undisputed
tarnishes,undisputedly
tarnishing,undisturbed
tattered,undivided
taunt,undoubted
taunting,undoubtedly
tauntingly,undying
taunts,unencumbered
taut,unequaled
tawdry,unequalled
taxing,unequivocal
tease,unequivocally
teasingly,unerring
tedious,unerringly
tediously,unfailing
temerity,unfailingly
temper,unfaltering
tempest,unfaultable
temptation,unfazed
tenderness,unfeigned
tense,unfetter
tension,unfettered
tentative,unflagging
tentatively,unflaggingly
tenuous,unflappable
tenuously,unflashy
tepid,unfold
terrible,unforgettable
terribleness,ungrudging
terribly,ungrudgingly
terrifying,unhampered
terror,unharmed
terror-genic,unhesitating
terrorism,unhurried
terrorize,unhurry
testily,unhurt
testy,unification
tetchily,unified
tetchy,unify
thankless,unimpaired
the,unimpeachable
thicker,unimpeded
thirst,union
thorny,unique
thoughtless,uniquely
thoughtlessly,uniqueness
thoughtlessness,unite
thrash,united
threat,unity
threaten,universal
threatening,universally
threats,universe
threesome,unlimited
throb,unmatched
throbbed,unmistakable
throbbing,unmitigated
throbs,unobjectionable
throttle,unobstructed
thug,unobtrusive
thumb-down,unopposed
thumbs-down,unparalleled
thwart,unprecedented
time-consuming,unpretentious
timid,unquestionable
timidity,unquestionably
timidly,unreal
tin-y,unrefuted
tingled,unrelenting
tingling,unreserved
tired,unrestricted
tiresome,unrivalled
tiring,unruffled
tiringly,unselfish
toil,unselfishly
toll,unshakable
top-heavy,unshaken
topple,unspoiled
torment,unspoilt
tormented,unstoppable
torrent,unstoppably
tortuous,unsullied
torture,unsurpassed
tortured,untarnished
tortures,untiring
torturing,untouchable
torturous,untouched
torturously,untroubled
totalitarian,unusual
touchy,unwasteful
toughness,unwavering
tout,unwind
touted,unyielding
touts,up
toxic,up-and-comer
traduce,up-front
tragedy,up-leveled
tragic,up-to-date
tragically,up-to-par
traitor,upbear
traitorous,upbeat
traitorously,upcheer
tramp,upcoming
trample,upcycle
transgress,updated
transgression,upfront
trap,upgradable
trapped,upgrade
trash,upgradeable
trashed,upgraded
trashy,upheld
trauma,uphold
traumatic,upholder
traumatically,uplift
traumatize,uplifted
traumatized,uplifting
travesties,upliftingly
travesty,upliftment
treacherous,uppermost
treacherously,upright
treachery,uprightly
treason,uprightness
treasonous,upscale
trick,upskill
tricked,upstand
trickery,upstanding
tricky,upward
trivial,upwardly
trivialize,urbane
trouble,urbanely
troubled,usable
troublemaker,use
troubles,useable
troublesome,useful
troublesomely,usefully
troubling,usefulness
troublingly,user-friendly
truant,user-replaceable
tumble,usually
tumbled,utile
tumbles,utilize
tumultuous,utmost
turbulent,utopia
turmoil,utopian
twist,utter
twisted,uxorious
twists,v.i.p
two-faced,va-va-voom
two-faces,valedictorian
tyrannical,valentine
tyrannically,valiant
tyranny,valiantly
tyrant,valid
ugh,validate
uglier,validity
ugliest,valor
ugliness,valorize
ugly,valorous
ulterior,valuable
ultimatum,value
ultimatums,valued
ultra-hardline,vantage
un-viewable,variegated
unable,variety
unacceptable,variously
unacceptably,vast
unaccustomed,vastly
unachievable,vault
unaffordable,vegetate
unappealing,vehement
unattractive,vehemently
unauthentic,venerable
unavailable,venerate
unavoidably,veneration
unbearable,vent
unbelievable,venture
unbelievably,venturesome
uncaring,veracious
uncertain,veracity
uncivil,verdant
uncivilized,verdure
unclean,verification
unclear,verified
uncollectible,verify
uncomfortable,verily
uncomfortably,versatality
uncomfortablyuncompetitive,versatile
uncompetitive,versed
uncompromising,vertiginous
uncompromisingly,verve
unconfirmed,very
unconstitutional,vest
uncontrolled,vestal
unconvincing,veteran
unconvincingly,viable
uncooperative,vibrant
uncouth,vibration
uncreative,victor
undecided,victorious
undefined,victory
undependability,vigilant
undependable,vigor
undercut,vigorous
undercuts,vigorously
undercutting,vigour
underdog,vim
underestimate,vindicate
underlings,vintage
undermine,virile
undermined,virility
undermines,virtue
undermining,virtuosity
underpaid,virtuoso
underpowered,virtuous
undersized,visible
undesirable,vision
undetermined,visionary
undid,visit
undignified,visualizaton
undissolved,visualize
undocumented,vital
undone,vitality
undue,vitalize
unease,vitally
uneasily,viva
uneasiness,vivace
uneasy,vivacious
uneconomical,vivacity
unemployed,vive
unequal,vivid
unethical,vividly
uneven,vocal
uneventful,volume
unexpected,volunteer
unexpectedly,voluptuous
unexplained,voluptuousness
unfair,vonte
unfairly,vortex
unfaithful,votary
unfaithfully,vouch
unfamiliar,vow
unfavorable,voyage
unfeeling,wackily
unfinished,wackiness
unfit,wacky
unforeseen,waft
unforgiving,wag
unfortunate,wage
unfortunately,waggery
unfounded,waggish
unfriendly,waggishly
unfulfilled,waggishness
unfunded,wakeful
ungovernable,wakefully
ungrateful,wakefulness
unhappily,walfarism
unhappiness,walkover
unhappy,wallflower
unhealthy,wandering
unhelpful,wanderlust
unilateralism,want
unimaginable,wanted
unimaginably,wanton
unimportant,war-bride
uninformed,war-cry
uninsured,war-dance
unintelligible,warm
unipolar,warm-blooded
unjust,warm-hearted
unjustifiable,warm-up
unjustifiably,warmer
unjustified,warmly
unjustly,warmth
unkind,warrant
unkindly,warrior
unknown,wash
unknownunlawful,wassail
unlawful,watch
unlawfully,watchable
unlawfulness,watchful
unleash,wave
unlicensed,way
unlikely,weak-kneed
unlucky,wealth
unmoved,wealthy
unnatural,weather-proof
unnaturally,wedding
unnecessary,wedding-band
unneeded,wedding-breakfast
unnerve,wedding-cake
unnerved,wedding-march
unnerving,wedding-ring
unnervingly,wedlock
unnoticed,weighty
unobserved,welcome
unorthodox,welcomed
unorthodoxy,welcoming
unpleasant,welfare
unpopular,welfare-state
unpredictable,well
unprepared,well-adjusted
unproductive,well-advised
unprofitable,well-appointed
unproved,well-balanced
unproven,well-behaved
unqualified,well-being
unravel,well-born
unraveled,well-bred
unreachable,well-connected
unreadable,well-done
unrealistic,well-earned
unreasonable,well-educated
unreasonably,well-endowed
unrelenting,well-established
unrelentingly,well-favoured
unreliability,well-found
unreliable,well-founded
unresolved,well-grounded
unresponsive,well-heeled
unrest,well-informed
unruly,well-intentioned
unsafe,well-knit
unsatisfactory,well-known
unsavory,well-liked
unscrupulous,well-made
unscrupulously,well-managed
unsecure,well-mannered
unseemly,well-meaning
unsettle,well-off
unsettled,well-oiled
unsettling,well-pleased
unsettlingly,well-positioned
unsightly,well-preserved
unskilled,well-read
unsophisticated,well-received
unsound,well-regarded
unspeakable,well-rounded
unspecified,well-run
unstable,well-spent
unsteadily,well-spoken
unsteadiness,well-to-do
unsteady,well-tried
unsuccessful,well-turned
unsuccessfully,well-wisher
unsupported,wellbeing
unsupportive,wellness
unsure,wellspring
unsuspecting,welly
unsustainable,whacky
untenable,whatsoever
untested,wheatgerm
unthinkable,whee
unthinkably,wheeze
untimely,whet
untouched,whim-wham
untoward,whimsical
untrue,whimsicality
untrustworthy,whimsically
untruthful,whimsy
unusable,whippy
unusably,whisper
unusual,white
unusually,white-christmas
unwanted,whiz
unwarranted,whoa
unwatchable,whole
unwelcome,wholehearted
unwell,wholeheartedly
unwholesome,wholesome
unwieldy,wholly
unwilling,whoop
unwillingly,whoopee
unwillingness,whopper
unwise,whopping
unwisely,wide
unworkable,wide-awake
unworthy,wide-eye
unyielding,wide-eyed
upbraid,wieldy
upheaval,wild
uprising,wildcard
uproar,will
uproarious,willed
uproariously,willing
uproot,willingly
upset,willingness
upsets,willpower
upsetting,win
upsettingly,windfall
urgent,window
useless,windproof
usurp,wink
usurper,winnable
utterly,winner
vagrant,winners
vague,winning
vagueness,wins
vain,winsome
vainly,wired
vanity,wisdom
vehement,wise
vehemently,wisely
vengeance,wish
vengeful,wishlist
vengefully,wit
vengefulness,with
venom,withstand
venomous,witticism
venomously,witting
vent,witty
vestiges,wiz
vex,wizadry
vexation,wizard
vexing,wltm
vexingly,womanhood
vibrate,womanism
vibrated,won
vibrates,wonder
vibrating,wonderful
vibration,wonderfully
vice,wondering
vicious,wonderland
viciously,wonderment
viciousness,wonders
victimize,wonderstruck
vile,wondrous
vileness,wondrously
vilify,woo
villainous,word
villainously,word-perfect
villains,wordly
vindictive,words
vindictively,work
vindictiveness,work-ethic
violate,work-permit
violation,workable
violator,workaround
violators,worked
violent,workhorse
violently,workmate
viper,workout
virulence,works
virulent,world-beater
virulently,world-class
virus,world-famous
vociferous,world-ranking
vociferously,worldly
volatile,worldly-wise
volatility,worship
vomit,worshipful
vomited,worshipped
vomiting,worshipper
vomits,worshipping
vulgar,worth
vulnerable,worth-it
wail,worthiness
wallow,worthwhile
wane,worthy
waning,wotcha
wanton,would
war-like,wow
warily,wowed
wariness,wowing
warlike,wows
warned,wunderkind
warning,wunderkinder
warp,x-factor
warped,xaern
wary,xanadu
washed-out,xenagogue
waste,xenial
wasted,xenium
wasteful,xenodochial
wastefulness,xenodochy
wasting,xenoglossy
water-down,xenolalia
watered-down,xenomania
wayward,xenophile
weak,xenophilia
weaken,xfactor
weakening,xiexie
weaker,xoxo
weakness,xyresic
weaknesses,yaba-daba-do
weariness,yahoo
wearisome,yak
weary,yang
wedge,yap
weed,yare
weep,yarn
weird,yay
weirdly,yea
wheedle,yeah
whimper,yearn
whine,yearning
whining,yee-haw
whiny,yell
whips,yep
whipswicked,yern
whore,yes
whores,yield
wicked,yift
wickedly,yip
wickedness,yippee
wild,yo
wildly,yock
wiles,yodel
wilt,yoga
wily,yoke
wimpy,yolo
wince,you
wobble,young
wobbled,young-at-heart
wobbles,young-blood
woe,young-gun
woebegone,young-looking
woeful,youngster
woefully,younker
womanizer,yours
womanizing,youth
worn,youthful
worried,youthfulness
worriedly,yugen
worrier,yum
worries,yummy
worrisome,yummy-mummy
worry,yummylicious
worrying,yup
worryingly,yuppie
worse,zaddik
worsen,zaftig
worsening,zany
worst,zappy
worthless,zardozi
worthlessly,zarzuella
worthlessness,zazzy
wound,zeal
wounds,zealous
wrangle,zen
wrath,zenith
wreak,zephyr
wreaked,zero
wreaks,zest
wreck,zestful
wrest,zesty
wrestle,zillion
wretch,zing
wretched,zinger
wretchedly,zion
wretchedness,zip
wrinkle,zipless
wrinkled,zippily
wrinkles,zippiness
writhe,zippy
wrong,zoftig
wrongful,zoom
wrongly,zorbing
wrought,zouk
xanthoma,zounds
xenophobiaxyrid,zowie